number,values_0,values_1,datetime_start,datetime_complete,duration,params_cluster_selection_epsilon,params_min_cluster_size,params_min_dist,params_min_samples,params_n_components,params_n_neighbors,user_attrs_ccc_score,user_attrs_dbcv_score,user_attrs_n_clusters,user_attrs_outlier_ratio,system_attrs_NSGAIISampler:generation,state
0,0.7095179582375415,0.18460052253707745,2025-12-22 19:33:23.052038,2025-12-22 19:33:33.929302,0 days 00:00:10.877264,0.1,44,0.02,1,11,38,0.7095179582375415,0.18460052253707745,14,0.21840796019900496,0,COMPLETE
1,0.5090682860111985,0.3461837711390894,2025-12-22 19:33:33.931281,2025-12-22 19:33:43.187271,0 days 00:00:09.255990,0.26,45,0.0,5,10,8,0.5090682860111985,0.3461837711390894,20,0.20398009950248755,0,COMPLETE
2,0.6828093631559072,0.21007075689329957,2025-12-22 19:33:43.189230,2025-12-22 19:33:53.694016,0 days 00:00:10.504786,0.01,43,0.22,13,11,25,0.6828093631559072,0.21007075689329957,10,0.29950248756218906,0,COMPLETE
3,0.5645013842391405,0.27398797744166214,2025-12-22 19:33:53.695705,2025-12-22 19:34:04.784886,0 days 00:00:11.089181,0.26,23,0.1,1,11,42,0.5645013842391405,0.27398797744166214,30,0.1855721393034826,0,COMPLETE
4,0.0,0.03958129686881891,2025-12-22 19:34:04.786701,2025-12-22 19:34:14.413644,0 days 00:00:09.626943,0.03,32,0.04,14,2,24,0.0,0.03958129686881891,2,0.044278606965174126,0,COMPLETE
5,0.6442235885036709,0.370873687621316,2025-12-22 19:34:14.415509,2025-12-22 19:34:26.050336,0 days 00:00:11.634827,0.01,45,0.22,10,14,48,0.6442235885036709,0.370873687621316,11,0.3004975124378109,0,COMPLETE
6,0.37705320061028824,0.6571015449833463,2025-12-22 19:34:26.052113,2025-12-22 19:34:36.767623,0 days 00:00:10.715510,0.14,12,0.0,12,10,30,0.37705320061028824,0.6571015449833463,53,0.30895522388059704,0,COMPLETE
7,0.9366249027571225,0.30214152049958665,2025-12-22 19:34:36.769424,2025-12-22 19:34:46.574879,0 days 00:00:09.805455,0.15,50,0.14,5,8,14,0.9366249027571225,0.30214152049958665,3,0.07860696517412935,0,COMPLETE
8,0.582907491735777,0.5082633478606688,2025-12-22 19:34:46.576811,2025-12-22 19:34:57.210857,0 days 00:00:10.634046,0.29,23,0.15,9,12,26,0.582907491735777,0.5082633478606688,28,0.35771144278606964,0,COMPLETE
9,0.5567175644982406,0.16687146197747857,2025-12-22 19:34:57.212669,2025-12-22 19:35:07.664405,0 days 00:00:10.451736,0.2,27,0.3,1,7,31,0.5567175644982406,0.16687146197747857,25,0.3283582089552239,0,COMPLETE
10,0.48481118071073975,0.5609698508077449,2025-12-22 19:35:07.666208,2025-12-22 19:35:16.957484,0 days 00:00:09.291276,0.06,22,0.12,18,13,6,0.48481118071073975,0.5609698508077449,27,0.3373134328358209,0,COMPLETE
11,0.0,0.179010762548266,2025-12-22 19:35:16.959478,2025-12-22 19:35:28.310524,0 days 00:00:11.351046,0.3,30,0.15,14,12,38,0.0,0.179010762548266,2,0.01890547263681592,0,COMPLETE
12,0.37358369772011163,0.2008909561808017,2025-12-22 19:35:28.312364,2025-12-22 19:35:37.654548,0 days 00:00:09.342184,0.29,11,0.14,1,2,12,0.37358369772011163,0.2008909561808017,56,0.06417910447761194,0,COMPLETE
13,0.3973471088989137,0.5434214264984435,2025-12-22 19:35:37.656372,2025-12-22 19:35:48.092675,0 days 00:00:10.436303,0.13,18,0.03,9,12,19,0.3973471088989137,0.5434214264984435,38,0.20497512437810944,0,COMPLETE
14,0.5435041983365233,0.40823640081110907,2025-12-22 19:35:48.094600,2025-12-22 19:35:58.790405,0 days 00:00:10.695805,0.19,24,0.23,11,7,38,0.5435041983365233,0.40823640081110907,23,0.36666666666666664,0,COMPLETE
15,0.6447130325719805,0.1828582841114245,2025-12-22 19:35:58.792259,2025-12-22 19:36:08.894076,0 days 00:00:10.101817,0.1,46,0.27,3,12,16,0.6447130325719805,0.1828582841114245,12,0.2218905472636816,0,COMPLETE
16,0.4368616235741087,0.5224917956921505,2025-12-22 19:36:08.896183,2025-12-22 19:36:17.199507,0 days 00:00:08.303324,0.14,10,0.19,20,10,3,0.4368616235741087,0.5224917956921505,29,0.35522388059701493,0,COMPLETE
17,0.566597750359763,0.4628475604834819,2025-12-22 19:36:17.201455,2025-12-22 19:36:28.379113,0 days 00:00:11.177658,0.2,22,0.1,14,12,44,0.566597750359763,0.4628475604834819,21,0.3686567164179104,0,COMPLETE
18,0.45177032344629625,0.329701966714764,2025-12-22 19:36:28.380938,2025-12-22 19:36:40.475227,0 days 00:00:12.094289,0.27,22,0.02,1,15,48,0.45177032344629625,0.329701966714764,29,0.2263681592039801,0,COMPLETE
19,0.43604041143968686,0.5165072868360912,2025-12-22 19:36:40.477080,2025-12-22 19:36:50.703857,0 days 00:00:10.226777,0.01,12,0.3,9,8,23,0.43604041143968686,0.5165072868360912,53,0.3482587064676617,0,COMPLETE
20,0.4969005751636483,0.5457271128974276,2025-12-22 19:36:50.705822,2025-12-22 19:37:01.286845,0 days 00:00:10.581023,0.18,13,0.06,16,8,40,0.4969005751636483,0.5457271128974276,31,0.363681592039801,0,COMPLETE
21,0.6471980759776347,0.34966688029786486,2025-12-22 19:37:01.288713,2025-12-22 19:37:11.156329,0 days 00:00:09.867616,0.28,32,0.04,19,4,32,0.6471980759776347,0.34966688029786486,16,0.3164179104477612,0,COMPLETE
22,0.74173236285244,0.3650378081900496,2025-12-22 19:37:11.158156,2025-12-22 19:37:21.435942,0 days 00:00:10.277786,0.19,37,0.18,13,5,41,0.74173236285244,0.3650378081900496,13,0.4338308457711443,0,COMPLETE
23,0.5935100328172753,0.2941575271199372,2025-12-22 19:37:21.437856,2025-12-22 19:37:30.098579,0 days 00:00:08.660723,0.24,44,0.03,11,12,4,0.5935100328172753,0.2941575271199372,14,0.2691542288557214,0,COMPLETE
24,0.8694213079799196,-0.010711028968181262,2025-12-22 19:37:30.099912,2025-12-22 19:37:40.323142,0 days 00:00:10.223230,0.04,48,0.2,17,4,48,0.8694213079799196,-0.010711028968181262,5,0.29950248756218906,0,COMPLETE
25,0.25851053340127944,0.5288825158740776,2025-12-22 19:37:40.324824,2025-12-22 19:37:52.086472,0 days 00:00:11.761648,0.17,5,0.17,3,6,48,0.25851053340127944,0.5288825158740776,140,0.1736318407960199,0,COMPLETE
26,0.52645912831722,0.17775303800839035,2025-12-22 19:37:52.087848,2025-12-22 19:38:02.604250,0 days 00:00:10.516402,0.27,24,0.25,1,8,37,0.52645912831722,0.17775303800839035,31,0.24676616915422886,0,COMPLETE
27,0.4842429817862128,0.5433830863580347,2025-12-22 19:38:02.606076,2025-12-22 19:38:12.541038,0 days 00:00:09.934962,0.05,4,0.07,20,4,31,0.4842429817862128,0.5433830863580347,26,0.3880597014925373,0,COMPLETE
28,0.5354233726860151,0.5989175807469301,2025-12-22 19:38:12.542929,2025-12-22 19:38:22.369470,0 days 00:00:09.826541,0.1,2,0.1,20,4,28,0.5354233726860151,0.5989175807469301,34,0.472636815920398,0,COMPLETE
29,0.4139396402375066,0.6190642800001184,2025-12-22 19:38:22.371488,2025-12-22 19:38:32.827626,0 days 00:00:10.456138,0.18,9,0.13,12,13,14,0.4139396402375066,0.6190642800001184,57,0.27860696517412936,0,COMPLETE
30,0.5143716450834392,0.5949377285109829,2025-12-22 19:38:32.829484,2025-12-22 19:38:44.020650,0 days 00:00:11.191166,0.21,16,0.12,18,15,25,0.5143716450834392,0.5949377285109829,29,0.4134328358208955,0,COMPLETE
31,0.3826164857659351,0.47908445811611,2025-12-22 19:38:44.022388,2025-12-22 19:38:53.941839,0 days 00:00:09.919451,0.26,14,0.25,7,8,16,0.3826164857659351,0.47908445811611,51,0.26169154228855723,0,COMPLETE
32,0.5463630526322015,0.5132199336961213,2025-12-22 19:38:53.943328,2025-12-22 19:39:05.337568,0 days 00:00:11.394240,0.26,5,0.11,19,12,48,0.5463630526322015,0.5132199336961213,27,0.4532338308457711,0,COMPLETE
33,0.4808021115344886,0.2160753673052633,2025-12-22 19:39:05.339418,2025-12-22 19:39:15.062330,0 days 00:00:09.722912,0.19,17,0.24,3,3,25,0.4808021115344886,0.2160753673052633,38,0.26616915422885573,0,COMPLETE
34,0.48966989073197104,0.42259603957661457,2025-12-22 19:39:15.064217,2025-12-22 19:39:27.151178,0 days 00:00:12.086961,0.25,21,0.18,14,15,48,0.48966989073197104,0.42259603957661457,22,0.40746268656716417,0,COMPLETE
35,0.6643818047786467,0.40734487267817315,2025-12-22 19:39:27.153022,2025-12-22 19:39:37.880828,0 days 00:00:10.727806,0.0,27,0.09,14,8,46,0.6643818047786467,0.40734487267817315,17,0.24378109452736318,0,COMPLETE
36,0.6768767678871128,0.354820338882532,2025-12-22 19:39:37.882515,2025-12-22 19:39:49.445008,0 days 00:00:11.562493,0.25,44,0.05,3,15,32,0.6768767678871128,0.354820338882532,14,0.2572139303482587,0,COMPLETE
37,0.4590028891455171,0.26795684849616264,2025-12-22 19:39:49.446697,2025-12-22 19:39:59.240512,0 days 00:00:09.793815,0.14,19,0.24,4,3,29,0.4590028891455171,0.26795684849616264,34,0.32338308457711445,0,COMPLETE
38,0.9644223118872992,0.16896695242403276,2025-12-22 19:39:59.242543,2025-12-22 19:40:08.750049,0 days 00:00:09.507506,0.23,25,0.29,15,11,7,0.9644223118872992,0.16896695242403276,4,0.05472636815920398,0,COMPLETE
39,0.4282313522417341,0.5622086042613124,2025-12-22 19:40:08.751908,2025-12-22 19:40:16.773890,0 days 00:00:08.021982,0.15,18,0.17,19,3,3,0.4282313522417341,0.5622086042613124,26,0.3472636815920398,0,COMPLETE
40,0.6358089515282058,0.2366367551588023,2025-12-22 19:40:16.775762,2025-12-22 19:40:26.844569,0 days 00:00:10.068807,0.18,40,0.15,4,7,23,0.6358089515282058,0.2366367551588023,15,0.29701492537313434,0,COMPLETE
41,0.5925273976048965,-0.17033757196991692,2025-12-22 19:40:26.846549,2025-12-22 19:40:36.785303,0 days 00:00:09.938754,0.26,34,0.17,4,2,47,0.5925273976048965,-0.17033757196991692,14,0.16716417910447762,0,COMPLETE
42,0.6244039864544179,0.5197554678187487,2025-12-22 19:40:36.787082,2025-12-22 19:40:46.975478,0 days 00:00:10.188396,0.08,20,0.01,19,5,37,0.6244039864544179,0.5197554678187487,24,0.2900497512437811,0,COMPLETE
43,0.543137260391728,0.522606232818614,2025-12-22 19:40:46.977263,2025-12-22 19:40:57.384282,0 days 00:00:10.407019,0.26,13,0.26,14,14,14,0.543137260391728,0.522606232818614,36,0.34626865671641793,0,COMPLETE
44,0.6601139305582805,0.35924976893768584,2025-12-22 19:40:57.386023,2025-12-22 19:41:07.286079,0 days 00:00:09.900056,0.15,14,0.22,16,14,8,0.6601139305582805,0.35924976893768584,7,0.03333333333333333,0,COMPLETE
45,0.0,0.1449691103545816,2025-12-22 19:41:07.287850,2025-12-22 19:41:16.445720,0 days 00:00:09.157870,0.22,50,0.3,13,11,5,0.0,0.1449691103545816,2,0.1253731343283582,0,COMPLETE
46,0.735556222888268,0.050170510284338846,2025-12-22 19:41:16.447037,2025-12-22 19:41:25.566851,0 days 00:00:09.119814,0.09,45,0.22,10,10,6,0.735556222888268,0.050170510284338846,3,0.11592039800995024,0,COMPLETE
47,0.6290524399951449,0.32109571712600016,2025-12-22 19:41:25.568833,2025-12-22 19:41:36.898378,0 days 00:00:11.329545,0.16,38,0.19,7,14,34,0.6290524399951449,0.32109571712600016,17,0.2751243781094527,0,COMPLETE
48,0.49048568512067015,0.445007029759171,2025-12-22 19:41:36.899761,2025-12-22 19:41:47.374457,0 days 00:00:10.474696,0.25,19,0.27,13,5,50,0.49048568512067015,0.445007029759171,24,0.481592039800995,0,COMPLETE
49,0.5892204974396421,0.3559386445576182,2025-12-22 19:41:47.376304,2025-12-22 19:41:57.552325,0 days 00:00:10.176021,0.04,39,0.15,3,7,25,0.5892204974396421,0.3559386445576182,17,0.31044776119402984,0,COMPLETE
50,0.3402232039153654,0.6107875645499025,2025-12-22 19:41:57.554209,2025-12-22 19:42:07.698521,0 days 00:00:10.144312,0.09,2,0.29,10,4,28,0.3402232039153654,0.6107875645499025,74,0.4343283582089552,1,COMPLETE
51,0.40418035206397285,0.646303783637518,2025-12-22 19:42:07.700170,2025-12-22 19:42:18.569193,0 days 00:00:10.869023,0.25,9,0.13,12,15,14,0.40418035206397285,0.646303783637518,58,0.2800995024875622,1,COMPLETE
52,0.6828093631559072,0.21007075689329957,2025-12-22 19:42:18.570997,2025-12-22 19:42:28.999785,0 days 00:00:10.428788,0.21,43,0.22,13,11,25,0.6828093631559072,0.21007075689329957,10,0.29950248756218906,1,COMPLETE
53,0.4462303789784046,0.4118128698413726,2025-12-22 19:42:29.002563,2025-12-22 19:42:39.118777,0 days 00:00:10.116214,0.01,15,0.3,10,8,23,0.4462303789784046,0.4118128698413726,35,0.3646766169154229,1,COMPLETE
54,0.5932641054448744,0.5177222781844578,2025-12-22 19:42:39.120565,2025-12-22 19:42:49.740297,0 days 00:00:10.619732,0.04,20,0.15,18,7,37,0.5932641054448744,0.5177222781844578,21,0.42587064676616915,1,COMPLETE
55,0.5925273976048965,-0.17033757196991692,2025-12-22 19:42:49.742118,2025-12-22 19:42:59.697545,0 days 00:00:09.955427,0.26,34,0.17,4,2,47,0.5925273976048965,-0.17033757196991692,14,0.16716417910447762,1,COMPLETE
56,0.6447130325719805,0.1828582841114245,2025-12-22 19:42:59.699545,2025-12-22 19:43:09.912293,0 days 00:00:10.212748,0.1,46,0.27,3,12,16,0.6447130325719805,0.1828582841114245,12,0.2218905472636816,1,COMPLETE
57,0.6148093001256041,0.3695429738486907,2025-12-22 19:43:09.914708,2025-12-22 19:43:21.934273,0 days 00:00:12.019565,0.18,28,0.15,17,15,48,0.6148093001256041,0.3695429738486907,13,0.3283582089552239,1,COMPLETE
58,0.724441987656678,0.15316254221759387,2025-12-22 19:43:21.935901,2025-12-22 19:43:32.952494,0 days 00:00:11.016593,0.04,45,0.15,3,10,50,0.724441987656678,0.15316254221759387,12,0.26616915422885573,1,COMPLETE
59,0.5444765106905759,0.6540678203877881,2025-12-22 19:43:32.954240,2025-12-22 19:43:43.399203,0 days 00:00:10.444963,0.14,10,0.0,20,10,28,0.5444765106905759,0.6540678203877881,30,0.372636815920398,1,COMPLETE
60,0.6009635200235682,0.21152272845562917,2025-12-22 19:43:43.400997,2025-12-22 19:43:53.510622,0 days 00:00:10.109625,0.18,40,0.15,1,7,23,0.6009635200235682,0.21152272845562917,16,0.3169154228855721,1,COMPLETE
61,0.0,0.29902894045249334,2025-12-22 19:43:53.512436,2025-12-22 19:44:03.729601,0 days 00:00:10.217165,0.01,50,0.22,10,11,14,0.0,0.29902894045249334,2,0.0263681592039801,1,COMPLETE
62,0.5090682860111985,0.3461837711390894,2025-12-22 19:44:03.731415,2025-12-22 19:44:13.003960,0 days 00:00:09.272545,0.2,45,0.0,5,10,8,0.5090682860111985,0.3461837711390894,20,0.20398009950248755,1,COMPLETE
63,0.3935297709722216,0.3865674975277517,2025-12-22 19:44:13.005749,2025-12-22 19:44:22.363712,0 days 00:00:09.357963,0.06,22,0.12,1,13,6,0.3935297709722216,0.3865674975277517,39,0.19154228855721392,1,COMPLETE
64,0.0,0.3352218175066404,2025-12-22 19:44:22.365530,2025-12-22 19:44:33.350005,0 days 00:00:10.984475,0.01,27,0.28,13,8,46,0.0,0.3352218175066404,2,0.044278606965174126,1,COMPLETE
65,0.8173595913191998,0.2730570661422186,2025-12-22 19:44:33.351870,2025-12-22 19:44:44.804824,0 days 00:00:11.452954,0.26,23,0.18,19,12,42,0.8173595913191998,0.2730570661422186,3,0.023880597014925373,1,COMPLETE
66,0.5261207093588469,0.4989480605060803,2025-12-22 19:44:44.806461,2025-12-22 19:44:55.876874,0 days 00:00:11.070413,0.1,22,0.1,14,11,44,0.5261207093588469,0.4989480605060803,25,0.38407960199004976,1,COMPLETE
67,0.4097511710691495,0.57687958966689,2025-12-22 19:44:55.878660,2025-12-22 19:45:08.141183,0 days 00:00:12.262523,0.19,5,0.0,12,15,48,0.4097511710691495,0.57687958966689,55,0.31840796019900497,1,COMPLETE
68,0.6440601162149572,0.31781472498856983,2025-12-22 19:45:08.143032,2025-12-22 19:45:18.528101,0 days 00:00:10.385069,0.14,40,0.15,8,11,23,0.6440601162149572,0.31781472498856983,13,0.2517412935323383,1,COMPLETE
69,0.44764975078422514,0.4893057008936954,2025-12-22 19:45:18.530169,2025-12-22 19:45:28.739069,0 days 00:00:10.208900,0.01,23,0.22,13,15,10,0.44764975078422514,0.4893057008936954,24,0.2855721393034826,1,COMPLETE
70,0.6360117020353931,0.4556104463809657,2025-12-22 19:45:28.740666,2025-12-22 19:45:38.875559,0 days 00:00:10.134893,0.2,32,0.1,19,4,44,0.6360117020353931,0.4556104463809657,13,0.43283582089552236,1,COMPLETE
71,0.7424677368568544,0.4401651366548962,2025-12-22 19:45:38.877365,2025-12-22 19:45:49.152485,0 days 00:00:10.275120,0.1,30,0.1,20,9,28,0.7424677368568544,0.4401651366548962,14,0.37661691542288556,1,COMPLETE
72,0.4442551027239489,0.4494668417867851,2025-12-22 19:45:49.154086,2025-12-22 19:46:00.636199,0 days 00:00:11.482113,0.21,16,0.12,3,15,25,0.4442551027239489,0.4494668417867851,49,0.21990049751243781,1,COMPLETE
73,0.49285463331070284,0.43646406433886775,2025-12-22 19:46:00.637972,2025-12-22 19:46:10.547465,0 days 00:00:09.909493,0.03,13,0.17,16,2,40,0.49285463331070284,0.43646406433886775,31,0.39104477611940297,1,COMPLETE
74,0.5349212487460857,0.22738946663144033,2025-12-22 19:46:10.549672,2025-12-22 19:46:20.264814,0 days 00:00:09.715142,0.01,46,0.27,10,7,16,0.5349212487460857,0.22738946663144033,10,0.3417910447761194,1,COMPLETE
75,0.4863420256224322,0.46037227680779036,2025-12-22 19:46:20.266449,2025-12-22 19:46:31.799985,0 days 00:00:11.533536,0.28,21,0.18,11,15,32,0.4863420256224322,0.46037227680779036,26,0.32039800995024875,1,COMPLETE
76,0.5559922401964942,0.37146604979378106,2025-12-22 19:46:31.801635,2025-12-22 19:46:41.825774,0 days 00:00:10.024139,0.05,23,0.19,9,5,26,0.5559922401964942,0.37146604979378106,26,0.32736318407960197,1,COMPLETE
77,0.4237723027938323,0.512137867560887,2025-12-22 19:46:41.827740,2025-12-22 19:46:49.864396,0 days 00:00:08.036656,0.13,18,0.17,19,3,3,0.4237723027938323,0.512137867560887,24,0.39303482587064675,1,COMPLETE
78,0.4257631935200874,0.3443702555180435,2025-12-22 19:46:49.866169,2025-12-22 19:47:02.088806,0 days 00:00:12.222637,0.29,14,0.02,1,15,48,0.4257631935200874,0.3443702555180435,43,0.1208955223880597,1,COMPLETE
79,0.5739305278408624,0.5024937245407062,2025-12-22 19:47:02.090473,2025-12-22 19:47:12.225870,0 days 00:00:10.135397,0.26,5,0.17,19,3,46,0.5739305278408624,0.5024937245407062,27,0.5517412935323384,1,COMPLETE
80,0.0,0.5508469260253521,2025-12-22 19:47:12.227731,2025-12-22 19:47:22.869857,0 days 00:00:10.642126,0.25,40,0.29,1,15,12,0.0,0.5508469260253521,2,0.03980099502487562,1,COMPLETE
81,0.7241335141666517,0.33631991947759804,2025-12-22 19:47:22.871544,2025-12-22 19:47:32.963052,0 days 00:00:10.091508,0.24,44,0.03,9,8,23,0.7241335141666517,0.33631991947759804,13,0.16716417910447762,1,COMPLETE
82,0.6828093631559072,0.21007075689329957,2025-12-22 19:47:32.964642,2025-12-22 19:47:43.444879,0 days 00:00:10.480237,0.01,43,0.22,13,11,25,0.6828093631559072,0.21007075689329957,10,0.29950248756218906,1,COMPLETE
83,0.7021336872619066,0.32562571096858123,2025-12-22 19:47:43.447061,2025-12-22 19:47:54.875584,0 days 00:00:11.428523,0.01,44,0.22,10,15,32,0.7021336872619066,0.32562571096858123,11,0.4044776119402985,1,COMPLETE
84,0.5439626521916776,0.4514913039054377,2025-12-22 19:47:54.876891,2025-12-22 19:48:05.687172,0 days 00:00:10.810281,0.2,21,0.3,14,7,48,0.5439626521916776,0.4514913039054377,20,0.46616915422885574,1,COMPLETE
85,0.5726430902182468,0.2667614266022161,2025-12-22 19:48:05.688502,2025-12-22 19:48:15.811830,0 days 00:00:10.123328,0.2,27,0.1,1,7,22,0.5726430902182468,0.2667614266022161,26,0.23283582089552238,1,COMPLETE
86,0.7222399745305418,0.3705383785534411,2025-12-22 19:48:15.813697,2025-12-22 19:48:26.150439,0 days 00:00:10.336742,0.04,39,0.11,19,10,25,0.7222399745305418,0.3705383785534411,10,0.3218905472636816,1,COMPLETE
87,0.5678426884982593,0.5752048568213773,2025-12-22 19:48:26.151915,2025-12-22 19:48:36.641536,0 days 00:00:10.489621,0.06,22,0.08,18,7,34,0.5678426884982593,0.5752048568213773,23,0.39154228855721396,1,COMPLETE
88,0.23641870644347127,0.6170964534518034,2025-12-22 19:48:36.643356,2025-12-22 19:48:47.925253,0 days 00:00:11.281897,0.15,2,0.14,5,8,28,0.23641870644347127,0.6170964534518034,135,0.2054726368159204,1,COMPLETE
89,0.42662484883931495,0.3919197721678721,2025-12-22 19:48:47.926626,2025-12-22 19:49:00.009257,0 days 00:00:12.082631,0.26,13,0.11,2,14,48,0.42662484883931495,0.3919197721678721,57,0.23283582089552238,1,COMPLETE
90,0.4681474759467208,0.45069649729412103,2025-12-22 19:49:00.011064,2025-12-22 19:49:10.086061,0 days 00:00:10.074997,0.04,18,0.03,9,7,19,0.4681474759467208,0.45069649729412103,34,0.1054726368159204,1,COMPLETE
91,0.5092256107906601,0.3708676076292417,2025-12-22 19:49:10.087784,2025-12-22 19:49:19.380937,0 days 00:00:09.293153,0.18,25,0.13,12,11,7,0.5092256107906601,0.3708676076292417,24,0.19701492537313434,1,COMPLETE
92,0.6832189502999511,0.3839899742967872,2025-12-22 19:49:19.382785,2025-12-22 19:49:31.032508,0 days 00:00:11.649723,0.2,45,0.1,19,14,48,0.6832189502999511,0.3839899742967872,9,0.34875621890547265,1,COMPLETE
93,0.6441043300335723,0.089881110218161,2025-12-22 19:49:31.034541,2025-12-22 19:49:42.553052,0 days 00:00:11.518511,0.01,45,0.13,1,14,42,0.6441043300335723,0.089881110218161,14,0.25920398009950246,1,COMPLETE
94,0.463775360924988,0.3874766555752603,2025-12-22 19:49:42.554705,2025-12-22 19:49:53.705642,0 days 00:00:11.150937,0.26,23,0.02,1,11,44,0.463775360924988,0.3874766555752603,27,0.24427860696517412,1,COMPLETE
95,0.3571151294406032,0.3423488268343759,2025-12-22 19:49:53.707629,2025-12-22 19:50:03.282842,0 days 00:00:09.575213,0.2,22,0.27,3,12,8,0.3571151294406032,0.3423488268343759,35,0.22238805970149253,1,COMPLETE
96,0.5409984399163009,0.519238713179017,2025-12-22 19:50:03.284507,2025-12-22 19:50:13.805468,0 days 00:00:10.520961,0.21,16,0.01,18,7,34,0.5409984399163009,0.519238713179017,28,0.3537313432835821,1,COMPLETE
97,0.6097989736310742,0.20360775492895009,2025-12-22 19:50:13.807309,2025-12-22 19:50:24.391991,0 days 00:00:10.584682,0.04,43,0.15,4,6,48,0.6097989736310742,0.20360775492895009,16,0.23532338308457712,1,COMPLETE
98,0.0,-0.1011650358302813,2025-12-22 19:50:24.394363,2025-12-22 19:50:34.300034,0 days 00:00:09.905671,0.16,50,0.03,7,2,34,0.0,-0.1011650358302813,2,0.012935323383084577,1,COMPLETE
99,0.5229731989624032,0.18444700537750613,2025-12-22 19:50:34.301760,2025-12-22 19:50:44.196828,0 days 00:00:09.895068,0.05,27,0.25,5,4,31,0.5229731989624032,0.18444700537750613,20,0.31791044776119404,1,COMPLETE
100,0.9366249027571225,0.30214152049958665,2025-12-22 19:50:44.198688,2025-12-22 19:50:53.972613,0 days 00:00:09.773925,0.15,50,0.14,5,8,14,0.9366249027571225,0.30214152049958665,3,0.07860696517412935,2,COMPLETE
101,0.3797595501538694,0.6177347315244276,2025-12-22 19:50:53.974622,2025-12-22 19:51:04.209489,0 days 00:00:10.234867,0.1,4,0.1,11,4,31,0.3797595501538694,0.6177347315244276,63,0.3253731343283582,2,COMPLETE
102,0.49705265176602664,0.5813385996805979,2025-12-22 19:51:04.211372,2025-12-22 19:51:12.950796,0 days 00:00:08.739424,0.1,18,0.19,20,15,3,0.49705265176602664,0.5813385996805979,20,0.2527363184079602,2,COMPLETE
103,0.4229261991466323,0.54829063310915,2025-12-22 19:51:12.952510,2025-12-22 19:51:24.613497,0 days 00:00:11.660987,0.06,9,0.13,12,13,48,0.4229261991466323,0.54829063310915,46,0.4253731343283582,2,COMPLETE
104,0.5279031217743726,0.6205696144282506,2025-12-22 19:51:24.615516,2025-12-22 19:51:34.472507,0 days 00:00:09.856991,0.2,5,0.0,19,4,28,0.5279031217743726,0.6205696144282506,34,0.3328358208955224,2,COMPLETE
105,0.6514189596713362,0.44693018163651443,2025-12-22 19:51:34.474337,2025-12-22 19:51:45.533449,0 days 00:00:11.059112,0.2,39,0.11,19,12,42,0.6514189596713362,0.44693018163651443,11,0.45422885572139304,2,COMPLETE
106,0.23641870644347127,0.6170964534518034,2025-12-22 19:51:45.535321,2025-12-22 19:51:56.823152,0 days 00:00:11.287831,0.1,2,0.14,5,8,28,0.23641870644347127,0.6170964534518034,135,0.2054726368159204,2,COMPLETE
107,0.7596946770213364,0.39801102902025287,2025-12-22 19:51:56.824686,2025-12-22 19:52:07.041051,0 days 00:00:10.216365,0.04,40,0.11,8,10,23,0.7596946770213364,0.39801102902025287,11,0.2044776119402985,2,COMPLETE
108,0.7083232623783128,0.3982317213042341,2025-12-22 19:52:07.042790,2025-12-22 19:52:17.294369,0 days 00:00:10.251579,0.26,23,0.18,19,5,41,0.7083232623783128,0.3982317213042341,18,0.45223880597014926,2,COMPLETE
109,0.0,0.26495064542931285,2025-12-22 19:52:17.296002,2025-12-22 19:52:28.742943,0 days 00:00:11.446941,0.01,40,0.22,10,11,48,0.0,0.26495064542931285,2,0.025373134328358207,2,COMPLETE
110,0.6127172809954027,0.4920053094651522,2025-12-22 19:52:28.744812,2025-12-22 19:52:39.170503,0 days 00:00:10.425691,0.04,27,0.15,14,8,37,0.6127172809954027,0.4920053094651522,18,0.3701492537313433,2,COMPLETE
111,0.552952392885106,0.40878013788068635,2025-12-22 19:52:39.172304,2025-12-22 19:52:49.746658,0 days 00:00:10.574354,0.24,24,0.03,9,11,23,0.552952392885106,0.40878013788068635,27,0.18407960199004975,2,COMPLETE
112,0.6097795924155912,0.4013846458770919,2025-12-22 19:52:49.748265,2025-12-22 19:53:00.144805,0 days 00:00:10.396540,0.0,20,0.27,14,5,46,0.6097795924155912,0.4013846458770919,20,0.4860696517412935,2,COMPLETE
113,0.6500583046749236,0.39621107144601103,2025-12-22 19:53:00.146625,2025-12-22 19:53:10.391963,0 days 00:00:10.245338,0.19,29,0.18,13,5,41,0.6500583046749236,0.39621107144601103,17,0.40945273631840795,2,COMPLETE
114,0.5134000118848158,0.40232298309603626,2025-12-22 19:53:10.393790,2025-12-22 19:53:19.457073,0 days 00:00:09.063283,0.15,44,0.22,16,8,8,0.5134000118848158,0.40232298309603626,14,0.4771144278606965,2,COMPLETE
115,0.3823481762107582,0.5733327810847185,2025-12-22 19:53:19.458659,2025-12-22 19:53:31.501462,0 days 00:00:12.042803,0.19,5,0.1,14,15,44,0.3823481762107582,0.5733327810847185,41,0.4298507462686567,2,COMPLETE
116,0.41496830608971524,0.49707994854681425,2025-12-22 19:53:31.503423,2025-12-22 19:53:39.602836,0 days 00:00:08.099413,0.15,18,0.17,19,3,3,0.41496830608971524,0.49707994854681425,26,0.3895522388059702,2,COMPLETE
117,0.4591597374274196,0.49007406024534444,2025-12-22 19:53:39.604545,2025-12-22 19:53:50.913877,0 days 00:00:11.309332,0.29,5,0.17,19,12,46,0.4591597374274196,0.49007406024534444,26,0.5144278606965174,2,COMPLETE
118,0.49766756157153874,0.5004204731396122,2025-12-22 19:53:50.915615,2025-12-22 19:54:02.669380,0 days 00:00:11.753765,0.01,13,0.15,17,14,48,0.49766756157153874,0.5004204731396122,28,0.4552238805970149,2,COMPLETE
119,0.4343007723214853,0.5566903885343123,2025-12-22 19:54:02.671334,2025-12-22 19:54:12.502968,0 days 00:00:09.831634,0.01,2,0.22,20,4,28,0.4343007723214853,0.5566903885343123,33,0.5646766169154229,2,COMPLETE
120,0.4188523303400516,0.5936917309858977,2025-12-22 19:54:12.504682,2025-12-22 19:54:21.961112,0 days 00:00:09.456430,0.18,13,0.06,16,8,10,0.4188523303400516,0.5936917309858977,39,0.227363184079602,2,COMPLETE
121,0.4139396402375066,0.6190642800001184,2025-12-22 19:54:21.962808,2025-12-22 19:54:32.387419,0 days 00:00:10.424611,0.18,9,0.13,12,13,14,0.4139396402375066,0.6190642800001184,57,0.27860696517412936,2,COMPLETE
122,0.6283564691735066,0.5285838124974876,2025-12-22 19:54:32.389331,2025-12-22 19:54:42.847994,0 days 00:00:10.458663,0.06,20,0.16,18,7,34,0.6283564691735066,0.5285838124974876,21,0.4174129353233831,2,COMPLETE
123,0.5804267541593678,0.30140155250013934,2025-12-22 19:54:42.849761,2025-12-22 19:54:52.366954,0 days 00:00:09.517193,0.18,45,0.0,10,15,6,0.5804267541593678,0.30140155250013934,16,0.29054726368159206,2,COMPLETE
124,0.5553750909314452,0.5058499952545278,2025-12-22 19:54:52.368547,2025-12-22 19:55:00.990488,0 days 00:00:08.621941,0.04,45,0.15,18,7,5,0.5553750909314452,0.5058499952545278,14,0.4009950248756219,2,COMPLETE
125,0.6567457780217064,0.3739172203238826,2025-12-22 19:55:00.992380,2025-12-22 19:55:11.759930,0 days 00:00:10.767550,0.02,45,0.08,3,11,34,0.6567457780217064,0.3739172203238826,13,0.32736318407960197,2,COMPLETE
126,0.6828093631559072,0.21007075689329957,2025-12-22 19:55:11.761729,2025-12-22 19:55:22.245473,0 days 00:00:10.483744,0.01,43,0.22,13,11,25,0.6828093631559072,0.21007075689329957,10,0.29950248756218906,2,COMPLETE
127,0.3973471088989137,0.5434214264984435,2025-12-22 19:55:22.246422,2025-12-22 19:55:32.838419,0 days 00:00:10.591997,0.13,18,0.03,9,12,19,0.3973471088989137,0.5434214264984435,38,0.20497512437810944,2,COMPLETE
128,0.5902535029238055,0.5171999003316079,2025-12-22 19:55:32.840160,2025-12-22 19:55:43.051231,0 days 00:00:10.211071,0.29,23,0.04,19,5,37,0.5902535029238055,0.5171999003316079,23,0.39154228855721396,2,COMPLETE
129,0.6838951290275614,0.33270859867940783,2025-12-22 19:55:43.053078,2025-12-22 19:55:53.960314,0 days 00:00:10.907236,0.09,45,0.07,10,10,46,0.6838951290275614,0.33270859867940783,15,0.25920398009950246,2,COMPLETE
130,0.6536799749473026,0.17030100088209155,2025-12-22 19:55:53.961983,2025-12-22 19:56:03.782725,0 days 00:00:09.820742,0.24,35,0.03,9,5,23,0.6536799749473026,0.17030100088209155,17,0.2054726368159204,2,COMPLETE
131,0.6598147723618792,0.34599692940522225,2025-12-22 19:56:03.784529,2025-12-22 19:56:14.419314,0 days 00:00:10.634785,0.16,38,0.19,9,14,19,0.6598147723618792,0.34599692940522225,14,0.23333333333333334,2,COMPLETE
132,0.5678426884982593,0.5752048568213773,2025-12-22 19:56:14.421685,2025-12-22 19:56:25.027357,0 days 00:00:10.605672,0.25,22,0.08,18,7,34,0.5678426884982593,0.5752048568213773,23,0.39154228855721396,2,COMPLETE
133,0.0,0.4214604875703543,2025-12-22 19:56:25.029436,2025-12-22 19:56:34.293543,0 days 00:00:09.264107,0.1,32,0.1,19,4,9,0.0,0.4214604875703543,2,0.015920398009950248,2,COMPLETE
134,0.6742056040186689,0.39039854733563684,2025-12-22 19:56:34.295361,2025-12-22 19:56:44.430920,0 days 00:00:10.135559,0.24,30,0.1,20,9,23,0.6742056040186689,0.39039854733563684,14,0.27761194029850744,2,COMPLETE
135,0.7451511194450574,0.32216166024513326,2025-12-22 19:56:44.433040,2025-12-22 19:56:55.592731,0 days 00:00:11.159691,0.25,44,0.01,10,14,32,0.7451511194450574,0.32216166024513326,12,0.21840796019900496,2,COMPLETE
136,0.46637170535062994,0.5342149217757973,2025-12-22 19:56:55.594749,2025-12-22 19:57:05.844174,0 days 00:00:10.249425,0.26,5,0.11,19,3,48,0.46637170535062994,0.5342149217757973,29,0.49203980099502487,2,COMPLETE
137,0.6471980759776347,0.34966688029786486,2025-12-22 19:57:05.846145,2025-12-22 19:57:15.726772,0 days 00:00:09.880627,0.28,32,0.04,19,4,32,0.6471980759776347,0.34966688029786486,16,0.3164179104477612,2,COMPLETE
138,0.47063778784820826,0.43086564834387053,2025-12-22 19:57:15.728570,2025-12-22 19:57:24.693578,0 days 00:00:08.965008,0.06,22,0.12,5,8,6,0.47063778784820826,0.43086564834387053,35,0.15572139303482588,2,COMPLETE
139,0.5983163901775947,0.3114988997295434,2025-12-22 19:57:24.695426,2025-12-22 19:57:35.652066,0 days 00:00:10.956640,0.14,45,0.22,13,14,25,0.5983163901775947,0.3114988997295434,9,0.3800995024875622,2,COMPLETE
140,0.400640055768213,0.5943614625609263,2025-12-22 19:57:35.653600,2025-12-22 19:57:46.817403,0 days 00:00:11.163803,0.01,12,0.0,12,10,48,0.400640055768213,0.5943614625609263,52,0.32338308457711445,2,COMPLETE
141,0.6708435462666534,0.21407668758990106,2025-12-22 19:57:46.819248,2025-12-22 19:57:57.311572,0 days 00:00:10.492324,0.01,43,0.22,10,11,25,0.6708435462666534,0.21407668758990106,12,0.2601990049751244,2,COMPLETE
142,0.36584771733133514,0.5870974503279919,2025-12-22 19:57:57.313273,2025-12-22 19:58:08.845539,0 days 00:00:11.532266,0.19,5,0.0,12,13,41,0.36584771733133514,0.5870974503279919,58,0.3029850746268657,2,COMPLETE
143,0.40571177187910373,0.5613430875376004,2025-12-22 19:58:08.847508,2025-12-22 19:58:18.698183,0 days 00:00:09.850675,0.15,18,0.03,9,14,8,0.40571177187910373,0.5613430875376004,44,0.15970149253731344,2,COMPLETE
144,0.5554011305972428,0.3043804917569775,2025-12-22 19:58:18.699994,2025-12-22 19:58:29.249032,0 days 00:00:10.549038,0.25,23,0.29,1,15,12,0.5554011305972428,0.3043804917569775,41,0.18606965174129353,2,COMPLETE
145,0.7158172688194921,0.2413237301941173,2025-12-22 19:58:29.250834,2025-12-22 19:58:39.485178,0 days 00:00:10.234344,0.04,47,0.22,19,10,25,0.7158172688194921,0.2413237301941173,8,0.4368159203980099,2,COMPLETE
146,0.604440360060548,0.5326897340306075,2025-12-22 19:58:39.486769,2025-12-22 19:58:49.861686,0 days 00:00:10.374917,0.14,22,0.1,20,10,28,0.604440360060548,0.5326897340306075,21,0.3711442786069652,2,COMPLETE
147,0.3656655663459377,0.6181240325616587,2025-12-22 19:58:49.863944,2025-12-22 19:58:59.551987,0 days 00:00:09.688043,0.23,11,0.13,12,6,14,0.3656655663459377,0.6181240325616587,54,0.2960199004975124,2,COMPLETE
148,0.0,0.31010170242239576,2025-12-22 19:58:59.553745,2025-12-22 19:59:09.523410,0 days 00:00:09.969665,0.21,24,0.22,13,3,25,0.0,0.31010170242239576,2,0.009950248756218905,2,COMPLETE
149,0.3112683349531733,0.6371044349912898,2025-12-22 19:59:09.525286,2025-12-22 19:59:19.657059,0 days 00:00:10.131773,0.14,12,0.0,12,4,30,0.3112683349531733,0.6371044349912898,56,0.2676616915422886,2,COMPLETE
150,0.5341759510696723,0.5732788974098224,2025-12-22 19:59:19.658813,2025-12-22 19:59:30.139483,0 days 00:00:10.480670,0.25,16,0.08,18,7,34,0.5341759510696723,0.5732788974098224,29,0.4,3,COMPLETE
151,0.6704672966786476,0.45213080905305464,2025-12-22 19:59:30.141237,2025-12-22 19:59:42.015495,0 days 00:00:11.874258,0.2,32,0.1,19,15,44,0.6704672966786476,0.45213080905305464,14,0.3706467661691542,3,COMPLETE
152,0.41744582846433514,0.6782928143159834,2025-12-22 19:59:42.017341,2025-12-22 19:59:52.325776,0 days 00:00:10.308435,0.1,4,0.1,11,11,14,0.41744582846433514,0.6782928143159834,69,0.26169154228855723,3,COMPLETE
153,0.5643364437655483,0.6089632147732432,2025-12-22 19:59:52.327031,2025-12-22 20:00:02.498207,0 days 00:00:10.171176,0.2,5,0.0,19,6,28,0.5643364437655483,0.6089632147732432,31,0.37512437810945276,3,COMPLETE
154,0.772583328076609,0.36138237095295506,2025-12-22 20:00:02.500549,2025-12-22 20:00:12.732892,0 days 00:00:10.232343,0.04,40,0.11,20,10,23,0.772583328076609,0.36138237095295506,10,0.3024875621890547,3,COMPLETE
155,0.4171375258133303,0.6190662723946175,2025-12-22 20:00:12.734644,2025-12-22 20:00:22.590091,0 days 00:00:09.855447,0.25,11,0.09,12,8,14,0.4171375258133303,0.6190662723946175,56,0.23681592039800994,3,COMPLETE
156,0.556002511875705,0.4422267716041359,2025-12-22 20:00:22.591380,2025-12-22 20:00:32.789170,0 days 00:00:10.197790,0.25,18,0.19,11,7,23,0.556002511875705,0.4422267716041359,33,0.31343283582089554,3,COMPLETE
157,0.400640055768213,0.5943614625609263,2025-12-22 20:00:32.791027,2025-12-22 20:00:44.094371,0 days 00:00:11.303344,0.01,12,0.0,12,10,48,0.400640055768213,0.5943614625609263,52,0.32338308457711445,3,COMPLETE
158,0.7302940534798705,0.3287560804721271,2025-12-22 20:00:44.096657,2025-12-22 20:00:53.260285,0 days 00:00:09.163628,0.15,50,0.29,15,11,7,0.7302940534798705,0.3287560804721271,7,0.5587064676616915,3,COMPLETE
159,0.33203505543624406,0.6434309738077925,2025-12-22 20:00:53.262096,2025-12-22 20:01:03.450593,0 days 00:00:10.188497,0.01,12,0.0,10,4,30,0.33203505543624406,0.6434309738077925,68,0.24328358208955222,3,COMPLETE
160,0.628671149884772,0.47118373805040303,2025-12-22 20:01:03.452446,2025-12-22 20:01:13.527458,0 days 00:00:10.075012,0.26,23,0.1,19,4,42,0.628671149884772,0.47118373805040303,18,0.45870646766169154,3,COMPLETE
161,0.5664456446500618,0.4156164163704446,2025-12-22 20:01:13.529661,2025-12-22 20:01:24.032453,0 days 00:00:10.502792,0.25,22,0.14,5,7,34,0.5664456446500618,0.4156164163704446,29,0.3189054726368159,3,COMPLETE
162,0.7368583055765742,0.36377859748361896,2025-12-22 20:01:24.034245,2025-12-22 20:01:34.228814,0 days 00:00:10.194569,0.04,47,0.22,18,10,25,0.7368583055765742,0.36377859748361896,8,0.4318407960199005,3,COMPLETE
163,0.7158172688194921,0.2413237301941173,2025-12-22 20:01:34.230479,2025-12-22 20:01:44.458724,0 days 00:00:10.228245,0.29,47,0.22,19,10,25,0.7158172688194921,0.2413237301941173,8,0.4368159203980099,3,COMPLETE
164,0.0,0.21749707176164546,2025-12-22 20:01:44.460568,2025-12-22 20:01:54.580779,0 days 00:00:10.120211,0.18,32,0.06,16,8,19,0.0,0.21749707176164546,2,0.015920398009950248,3,COMPLETE
165,0.400640055768213,0.5943614625609263,2025-12-22 20:01:54.582432,2025-12-22 20:02:05.790006,0 days 00:00:11.207574,0.01,12,0.0,12,10,48,0.400640055768213,0.5943614625609263,52,0.32338308457711445,3,COMPLETE
166,0.465659207277244,0.5584025620607889,2025-12-22 20:02:05.791850,2025-12-22 20:02:16.100942,0 days 00:00:10.309092,0.14,12,0.09,14,4,46,0.465659207277244,0.5584025620607889,38,0.38159203980099504,3,COMPLETE
167,0.6652539044541135,0.36035235126360765,2025-12-22 20:02:16.102883,2025-12-22 20:02:26.298322,0 days 00:00:10.195439,0.18,40,0.13,4,10,23,0.6652539044541135,0.36035235126360765,17,0.3029850746268657,3,COMPLETE
168,0.6491472804125527,0.39237232637812847,2025-12-22 20:02:26.300127,2025-12-22 20:02:36.771776,0 days 00:00:10.471649,0.2,22,0.12,19,7,34,0.6491472804125527,0.39237232637812847,21,0.37412935323383084,3,COMPLETE
169,0.5659954492154385,0.3435617584030749,2025-12-22 20:02:36.773761,2025-12-22 20:02:48.015644,0 days 00:00:11.241883,0.08,23,0.01,2,13,37,0.5659954492154385,0.3435617584030749,30,0.20597014925373133,3,COMPLETE
170,0.687647458978238,0.34319741478576565,2025-12-22 20:02:48.017372,2025-12-22 20:02:59.090001,0 days 00:00:11.072629,0.28,47,0.22,19,12,42,0.687647458978238,0.34319741478576565,7,0.4626865671641791,3,COMPLETE
171,0.6062882350627081,0.42461750766487244,2025-12-22 20:02:59.092059,2025-12-22 20:03:08.914687,0 days 00:00:09.822628,0.25,22,0.0,20,3,34,0.6062882350627081,0.42461750766487244,20,0.34378109452736316,3,COMPLETE
172,0.8173595913191998,0.2730570661422186,2025-12-22 20:03:08.916494,2025-12-22 20:03:20.426783,0 days 00:00:11.510289,0.26,23,0.18,19,12,42,0.8173595913191998,0.2730570661422186,3,0.023880597014925373,3,COMPLETE
173,0.661777076789874,0.3338529212041036,2025-12-22 20:03:20.428713,2025-12-22 20:03:31.267067,0 days 00:00:10.838354,0.14,45,0.28,12,10,46,0.661777076789874,0.3338529212041036,9,0.40945273631840795,3,COMPLETE
174,0.691336736629475,0.3822412738568663,2025-12-22 20:03:31.269134,2025-12-22 20:03:41.540930,0 days 00:00:10.271796,0.02,45,0.15,18,8,34,0.691336736629475,0.3822412738568663,9,0.44328358208955226,3,COMPLETE
175,0.6080692503505774,0.4901698704025223,2025-12-22 20:03:41.542722,2025-12-22 20:03:53.003474,0 days 00:00:11.460752,0.0,20,0.0,20,13,46,0.6080692503505774,0.4901698704025223,24,0.3502487562189055,3,COMPLETE
176,0.6968694944981132,0.3719613299683981,2025-12-22 20:03:53.005414,2025-12-22 20:04:03.245706,0 days 00:00:10.240292,0.0,49,0.09,14,9,25,0.6968694944981132,0.3719613299683981,8,0.32587064676616917,3,COMPLETE
177,0.6097795924155912,0.4013846458770919,2025-12-22 20:04:03.247781,2025-12-22 20:04:13.604258,0 days 00:00:10.356477,0.0,20,0.27,14,5,46,0.6097795924155912,0.4013846458770919,20,0.4860696517412935,3,COMPLETE
178,0.5664456446500618,0.4156164163704446,2025-12-22 20:04:13.606114,2025-12-22 20:04:24.172066,0 days 00:00:10.565952,0.15,22,0.14,5,7,34,0.5664456446500618,0.4156164163704446,29,0.3189054726368159,3,COMPLETE
179,0.4946993831842133,0.4417496551885163,2025-12-22 20:04:24.173963,2025-12-22 20:04:34.362799,0 days 00:00:10.188836,0.04,27,0.15,14,13,14,0.4946993831842133,0.4417496551885163,23,0.2870646766169154,3,COMPLETE
180,0.27675349135355815,0.6151516178362598,2025-12-22 20:04:34.364415,2025-12-22 20:04:44.075912,0 days 00:00:09.711497,0.09,13,0.07,10,10,10,0.27675349135355815,0.6151516178362598,54,0.19552238805970149,3,COMPLETE
181,0.5447312437213172,0.3977596751949207,2025-12-22 20:04:44.077152,2025-12-22 20:04:54.236467,0 days 00:00:10.159315,0.14,23,0.04,12,5,30,0.5447312437213172,0.3977596751949207,27,0.25970149253731345,3,COMPLETE
182,0.28698312933255915,0.6553625913614343,2025-12-22 20:04:54.238406,2025-12-22 20:05:04.869682,0 days 00:00:10.631276,0.2,5,0.0,10,4,46,0.28698312933255915,0.6553625913614343,71,0.2517412935323383,3,COMPLETE
183,0.70075329486559,0.20219807508484078,2025-12-22 20:05:04.871482,2025-12-22 20:05:15.061438,0 days 00:00:10.189956,0.25,48,0.13,12,5,37,0.70075329486559,0.20219807508484078,11,0.34626865671641793,3,COMPLETE
184,0.44975043162411205,0.6107568119322135,2025-12-22 20:05:15.062926,2025-12-22 20:05:25.870610,0 days 00:00:10.807684,0.09,12,0.05,13,5,48,0.44975043162411205,0.6107568119322135,44,0.4064676616915423,3,COMPLETE
185,0.3797595501538694,0.6177347315244276,2025-12-22 20:05:25.872599,2025-12-22 20:05:36.066858,0 days 00:00:10.194259,0.2,4,0.1,11,4,31,0.3797595501538694,0.6177347315244276,63,0.3253731343283582,3,COMPLETE
186,0.6870097560144618,0.5141110867505018,2025-12-22 20:05:36.068627,2025-12-22 20:05:45.993583,0 days 00:00:09.924956,0.25,22,0.08,18,4,34,0.6870097560144618,0.5141110867505018,19,0.3805970149253731,3,COMPLETE
187,0.6571018396251761,0.3696673589260632,2025-12-22 20:05:45.995421,2025-12-22 20:05:56.258309,0 days 00:00:10.262888,0.02,45,0.08,19,12,19,0.6571018396251761,0.3696673589260632,11,0.32039800995024875,3,COMPLETE
188,0.5354233726860151,0.5989175807469301,2025-12-22 20:05:56.260698,2025-12-22 20:06:06.207052,0 days 00:00:09.946354,0.1,2,0.1,20,4,28,0.5354233726860151,0.5989175807469301,34,0.472636815920398,3,COMPLETE
189,0.45368097450324457,0.6464827300375776,2025-12-22 20:06:06.209015,2025-12-22 20:06:15.968334,0 days 00:00:09.759319,0.1,2,0.18,20,12,10,0.45368097450324457,0.6464827300375776,37,0.39800995024875624,3,COMPLETE
190,0.31725904404059496,0.6349180169686107,2025-12-22 20:06:15.970176,2025-12-22 20:06:26.951759,0 days 00:00:10.981583,0.18,4,0.13,12,13,23,0.31725904404059496,0.6349180169686107,64,0.3283582089552239,3,COMPLETE
191,0.639544468619351,0.5648551157567135,2025-12-22 20:06:26.953709,2025-12-22 20:06:37.580771,0 days 00:00:10.627062,0.18,22,0.08,18,7,39,0.639544468619351,0.5648551157567135,22,0.3965174129353234,3,COMPLETE
192,0.5203369735931661,0.48680080854761637,2025-12-22 20:06:37.582610,2025-12-22 20:06:47.812881,0 days 00:00:10.230271,0.27,16,0.2,18,4,48,0.5203369735931661,0.48680080854761637,23,0.5159203980099503,3,COMPLETE
193,0.6945244339506447,0.34772096517437223,2025-12-22 20:06:47.814687,2025-12-22 20:06:57.761810,0 days 00:00:09.947123,0.26,36,0.18,19,3,41,0.6945244339506447,0.34772096517437223,13,0.5303482587064676,3,COMPLETE
194,0.30089894288816466,0.5533558386168699,2025-12-22 20:06:57.763793,2025-12-22 20:07:08.396257,0 days 00:00:10.632464,0.18,9,0.08,3,11,14,0.30089894288816466,0.5533558386168699,96,0.10248756218905472,3,COMPLETE
195,0.7169168917318761,0.3548935319475567,2025-12-22 20:07:08.398078,2025-12-22 20:07:18.655950,0 days 00:00:10.257872,0.24,48,0.1,20,10,23,0.7169168917318761,0.3548935319475567,8,0.3358208955223881,3,COMPLETE
196,0.5488292528138383,0.4581233649720172,2025-12-22 20:07:18.657998,2025-12-22 20:07:28.828989,0 days 00:00:10.170991,0.24,30,0.1,13,9,23,0.5488292528138383,0.4581233649720172,21,0.2671641791044776,3,COMPLETE
197,0.32129531461902944,0.5544373968516983,2025-12-22 20:07:28.830751,2025-12-22 20:07:39.626133,0 days 00:00:10.795382,0.29,5,0.04,4,5,37,0.32129531461902944,0.5544373968516983,91,0.08159203980099503,3,COMPLETE
198,0.3491434900129541,0.5924533883264695,2025-12-22 20:07:39.627426,2025-12-22 20:07:48.142122,0 days 00:00:08.514696,0.1,18,0.0,4,10,3,0.3491434900129541,0.5924533883264695,48,0.21492537313432836,3,COMPLETE
199,0.6743129561761361,0.048790539059139874,2025-12-22 20:07:48.143870,2025-12-22 20:07:58.603492,0 days 00:00:10.459622,0.04,45,0.15,3,7,34,0.6743129561761361,0.048790539059139874,10,0.2462686567164179,3,COMPLETE
200,0.5678426884982593,0.5752048568213773,2025-12-22 20:07:58.605249,2025-12-22 20:08:09.181432,0 days 00:00:10.576183,0.0,22,0.08,18,7,34,0.5678426884982593,0.5752048568213773,23,0.39154228855721396,4,COMPLETE
201,0.3864531957155523,0.6012312611457252,2025-12-22 20:08:09.183247,2025-12-22 20:08:19.412216,0 days 00:00:10.228969,0.25,11,0.11,12,8,23,0.3864531957155523,0.6012312611457252,51,0.32985074626865674,4,COMPLETE
202,0.4169536770884364,0.5487085095092922,2025-12-22 20:08:19.414041,2025-12-22 20:08:29.791578,0 days 00:00:10.377537,0.24,11,0.26,9,7,23,0.4169536770884364,0.5487085095092922,58,0.3373134328358209,4,COMPLETE
203,0.0,0.20997738526772067,2025-12-22 20:08:29.793514,2025-12-22 20:08:39.516892,0 days 00:00:09.723378,0.1,30,0.18,20,9,10,0.0,0.20997738526772067,2,0.005970149253731343,4,COMPLETE
204,0.6873463576052914,0.5253004792016508,2025-12-22 20:08:39.518399,2025-12-22 20:08:50.274837,0 days 00:00:10.756438,0.14,25,0.08,20,12,28,0.6873463576052914,0.5253004792016508,18,0.39552238805970147,4,COMPLETE
205,0.5521211775926175,0.3393354611166579,2025-12-22 20:08:50.276441,2025-12-22 20:09:00.791925,0 days 00:00:10.515484,0.15,50,0.29,15,11,28,0.5521211775926175,0.3393354611166579,8,0.4716417910447761,4,COMPLETE
206,0.3788008963915517,0.6487891247182752,2025-12-22 20:09:00.793402,2025-12-22 20:09:09.615983,0 days 00:00:08.822581,0.14,18,0.1,20,15,3,0.3788008963915517,0.6487891247182752,27,0.21890547263681592,4,COMPLETE
207,0.46185816929582113,0.49959757790985265,2025-12-22 20:09:09.617671,2025-12-22 20:09:21.261383,0 days 00:00:11.643712,0.2,5,0.18,17,14,46,0.46185816929582113,0.49959757790985265,30,0.46417910447761196,4,COMPLETE
208,0.5054505398083895,0.47241175631305515,2025-12-22 20:09:21.263203,2025-12-22 20:09:31.407489,0 days 00:00:10.144286,0.25,20,0.01,18,5,34,0.5054505398083895,0.47241175631305515,24,0.24427860696517412,4,COMPLETE
209,0.5753412388291986,0.5122048687008133,2025-12-22 20:09:31.409468,2025-12-22 20:09:42.040042,0 days 00:00:10.630574,0.2,22,0.0,18,7,39,0.5753412388291986,0.5122048687008133,21,0.2810945273631841,4,COMPLETE
210,0.7198309966247858,0.32724434157058463,2025-12-22 20:09:42.041721,2025-12-22 20:09:52.199133,0 days 00:00:10.157412,0.21,48,0.11,8,10,23,0.7198309966247858,0.32724434157058463,9,0.191044776119403,4,COMPLETE
211,0.44975043162411205,0.6107568119322135,2025-12-22 20:09:52.201166,2025-12-22 20:10:02.753704,0 days 00:00:10.552538,0.1,12,0.05,13,5,48,0.44975043162411205,0.6107568119322135,44,0.4064676616915423,4,COMPLETE
212,0.992244475854761,-0.1553117145124827,2025-12-22 20:10:02.755790,2025-12-22 20:10:12.826443,0 days 00:00:10.070653,0.25,48,0.13,17,4,34,0.992244475854761,-0.1553117145124827,4,0.21990049751243781,4,COMPLETE
213,0.3746844254517546,0.5952208894044515,2025-12-22 20:10:12.827817,2025-12-22 20:10:21.027542,0 days 00:00:08.199725,0.13,20,0.01,19,5,3,0.3746844254517546,0.5952208894044515,37,0.26616915422885573,4,COMPLETE
214,0.35061587466638505,0.5284384067521234,2025-12-22 20:10:21.029318,2025-12-22 20:10:29.856766,0 days 00:00:08.827448,0.2,18,0.19,6,15,3,0.35061587466638505,0.5284384067521234,41,0.2243781094527363,4,COMPLETE
215,0.6968694944981132,0.3719613299683981,2025-12-22 20:10:29.858610,2025-12-22 20:10:40.102070,0 days 00:00:10.243460,0.0,49,0.09,14,9,25,0.6968694944981132,0.3719613299683981,8,0.32587064676616917,4,COMPLETE
216,0.6534716042596098,0.5009864678631667,2025-12-22 20:10:40.104305,2025-12-22 20:10:49.891444,0 days 00:00:09.787139,0.01,23,0.18,19,4,30,0.6534716042596098,0.5009864678631667,17,0.4243781094527363,4,COMPLETE
217,0.6089462511763374,0.3784194902245961,2025-12-22 20:10:49.893247,2025-12-22 20:11:00.783811,0 days 00:00:10.890564,0.04,30,0.11,16,10,28,0.6089462511763374,0.3784194902245961,19,0.30895522388059704,4,COMPLETE
218,0.7087970796357072,0.5323747933299404,2025-12-22 20:11:00.785728,2025-12-22 20:11:11.105034,0 days 00:00:10.319306,0.1,30,0.14,20,9,28,0.7087970796357072,0.5323747933299404,14,0.47761194029850745,4,COMPLETE
219,0.6425857700782241,0.4348549811064045,2025-12-22 20:11:11.106924,2025-12-22 20:11:20.861438,0 days 00:00:09.754514,0.04,23,0.11,19,4,25,0.6425857700782241,0.4348549811064045,19,0.3497512437810945,4,COMPLETE
220,0.639544468619351,0.5648551157567135,2025-12-22 20:11:20.863303,2025-12-22 20:11:31.614397,0 days 00:00:10.751094,0.21,22,0.08,18,7,39,0.639544468619351,0.5648551157567135,22,0.3965174129353234,4,COMPLETE
221,0.6658138804200454,0.3908944698746203,2025-12-22 20:11:31.616372,2025-12-22 20:11:42.739988,0 days 00:00:11.123616,0.15,50,0.01,15,11,42,0.6658138804200454,0.3908944698746203,9,0.2845771144278607,4,COMPLETE
222,0.28569704946895086,0.6369977927497036,2025-12-22 20:11:42.741689,2025-12-22 20:11:53.389036,0 days 00:00:10.647347,0.1,5,0.1,9,6,28,0.28569704946895086,0.6369977927497036,77,0.3144278606965174,4,COMPLETE
223,0.5077217185594439,0.5268483058385321,2025-12-22 20:11:53.390348,2025-12-22 20:12:02.708753,0 days 00:00:09.318405,0.16,20,0.01,15,11,7,0.5077217185594439,0.5268483058385321,35,0.16318407960199005,4,COMPLETE
224,0.6841537980625908,0.3452743534905994,2025-12-22 20:12:02.710739,2025-12-22 20:12:12.766913,0 days 00:00:10.056174,0.18,37,0.08,13,5,34,0.6841537980625908,0.3452743534905994,14,0.3208955223880597,4,COMPLETE
225,0.5443154003235994,0.4248453133395124,2025-12-22 20:12:12.768699,2025-12-22 20:12:22.981284,0 days 00:00:10.212585,0.15,23,0.29,15,5,41,0.5443154003235994,0.4248453133395124,17,0.4766169154228856,4,COMPLETE
226,0.3979269826774238,0.6085902746491095,2025-12-22 20:12:22.983410,2025-12-22 20:12:31.607315,0 days 00:00:08.623905,0.25,18,0.08,20,12,3,0.3979269826774238,0.6085902746491095,32,0.27761194029850744,4,COMPLETE
227,0.5648514649576315,0.5755312526855586,2025-12-22 20:12:31.609206,2025-12-22 20:12:42.024812,0 days 00:00:10.415606,0.01,12,0.08,18,7,30,0.5648514649576315,0.5755312526855586,28,0.3716417910447761,4,COMPLETE
228,0.0,0.15052405786244802,2025-12-22 20:12:42.026593,2025-12-22 20:12:51.968772,0 days 00:00:09.942179,0.26,49,0.09,14,7,14,0.0,0.15052405786244802,2,0.016417910447761194,4,COMPLETE
229,0.6079766639901268,0.44712882736860915,2025-12-22 20:12:51.970594,2025-12-22 20:13:03.188130,0 days 00:00:11.217536,0.26,23,0.05,13,12,42,0.6079766639901268,0.44712882736860915,22,0.24975124378109453,4,COMPLETE
230,0.604440360060548,0.5326897340306075,2025-12-22 20:13:03.189929,2025-12-22 20:13:13.638698,0 days 00:00:10.448769,0.14,22,0.1,20,10,28,0.604440360060548,0.5326897340306075,21,0.3711442786069652,4,COMPLETE
231,0.0,0.018296327373053263,2025-12-22 20:13:13.640489,2025-12-22 20:13:25.423310,0 days 00:00:11.782821,0.26,50,0.14,7,13,42,0.0,0.018296327373053263,2,0.03880597014925373,4,COMPLETE
232,0.48289165472849405,0.5669073273286481,2025-12-22 20:13:25.424982,2025-12-22 20:13:33.730067,0 days 00:00:08.305085,0.14,22,0.19,20,11,3,0.48289165472849405,0.5669073273286481,22,0.2562189054726368,4,COMPLETE
233,0.5833362144812022,0.27718075039311457,2025-12-22 20:13:33.731572,2025-12-22 20:13:44.759605,0 days 00:00:11.028033,0.09,20,0.05,13,10,48,0.5833362144812022,0.27718075039311457,25,0.2855721393034826,4,COMPLETE
234,0.44946514677763216,0.3093059416294611,2025-12-22 20:13:44.761265,2025-12-22 20:13:53.916737,0 days 00:00:09.155472,0.0,50,0.09,14,11,7,0.44946514677763216,0.3093059416294611,13,0.30895522388059704,4,COMPLETE
235,0.309360349040225,0.6337142133753413,2025-12-22 20:13:53.918771,2025-12-22 20:14:04.408495,0 days 00:00:10.489724,0.1,12,0.0,10,4,46,0.309360349040225,0.6337142133753413,61,0.27313432835820894,4,COMPLETE
236,0.6152897462266459,0.45009550740031545,2025-12-22 20:14:04.410385,2025-12-22 20:14:14.686854,0 days 00:00:10.276469,0.26,23,0.1,19,5,33,0.6152897462266459,0.45009550740031545,21,0.3935323383084577,4,COMPLETE
237,0.5621177815883566,0.6393512115404026,2025-12-22 20:14:14.688475,2025-12-22 20:14:26.010206,0 days 00:00:11.321731,0.21,16,0.0,20,15,28,0.5621177815883566,0.6393512115404026,24,0.29253731343283584,4,COMPLETE
238,0.49705265176602664,0.5813385996805979,2025-12-22 20:14:26.011859,2025-12-22 20:14:34.664862,0 days 00:00:08.653003,0.06,20,0.19,20,15,3,0.49705265176602664,0.5813385996805979,20,0.2527363184079602,4,COMPLETE
239,0.49784240166492205,0.49616078140248093,2025-12-22 20:14:34.666688,2025-12-22 20:14:45.183308,0 days 00:00:10.516620,0.08,20,0.08,19,7,34,0.49784240166492205,0.49616078140248093,24,0.39552238805970147,4,COMPLETE
240,0.7331776631128152,0.40821242604100577,2025-12-22 20:14:45.185080,2025-12-22 20:14:55.756829,0 days 00:00:10.571749,0.26,27,0.09,19,8,42,0.7331776631128152,0.40821242604100577,17,0.37412935323383084,4,COMPLETE
241,0.6204578652537466,0.5029388316650429,2025-12-22 20:14:55.758547,2025-12-22 20:15:06.085521,0 days 00:00:10.326974,0.16,22,0.15,18,10,25,0.6204578652537466,0.5029388316650429,19,0.35522388059701493,4,COMPLETE
242,0.7129670602982394,0.25481319487748416,2025-12-22 20:15:06.087731,2025-12-22 20:15:16.149229,0 days 00:00:10.061498,0.3,44,0.07,20,4,44,0.7129670602982394,0.25481319487748416,11,0.41592039800995023,4,COMPLETE
243,0.5947983478689394,0.5790289615442378,2025-12-22 20:15:16.151008,2025-12-22 20:15:26.930227,0 days 00:00:10.779219,0.26,23,0.0,19,10,41,0.5947983478689394,0.5790289615442378,23,0.35074626865671643,4,COMPLETE
244,0.44861144379968326,0.5956295063407151,2025-12-22 20:15:26.931973,2025-12-22 20:15:38.845362,0 days 00:00:11.913389,0.3,16,0.03,18,15,39,0.44861144379968326,0.5956295063407151,28,0.3970149253731343,4,COMPLETE
245,0.42051645642382496,0.5902856805798604,2025-12-22 20:15:38.847752,2025-12-22 20:15:49.162021,0 days 00:00:10.314269,0.06,20,0.01,18,5,37,0.42051645642382496,0.5902856805798604,30,0.3417910447761194,4,COMPLETE
246,0.37075749927485935,0.593263261156566,2025-12-22 20:15:49.163365,2025-12-22 20:15:59.663079,0 days 00:00:10.499714,0.04,5,0.11,10,4,46,0.37075749927485935,0.593263261156566,62,0.34577114427860695,4,COMPLETE
247,0.8523827741968857,0.13289504000187055,2025-12-22 20:15:59.665209,2025-12-22 20:16:10.252002,0 days 00:00:10.586793,0.21,13,0.26,19,14,14,0.8523827741968857,0.13289504000187055,3,0.02736318407960199,4,COMPLETE
248,0.5182836480777032,0.4516504686654411,2025-12-22 20:16:10.253937,2025-12-22 20:16:20.778923,0 days 00:00:10.524986,0.06,20,0.08,8,7,34,0.5182836480777032,0.4516504686654411,28,0.23184079601990049,4,COMPLETE
249,0.6785225014287003,0.3594213424596064,2025-12-22 20:16:20.780634,2025-12-22 20:16:31.610815,0 days 00:00:10.830181,0.2,45,0.0,10,7,46,0.6785225014287003,0.3594213424596064,16,0.24875621890547264,4,COMPLETE
250,0.8835861813073081,-0.04777152402600421,2025-12-22 20:16:31.612378,2025-12-22 20:16:41.786624,0 days 00:00:10.174246,0.15,48,0.2,20,4,48,0.8835861813073081,-0.04777152402600421,6,0.3890547263681592,5,COMPLETE
251,0.3054082516162606,0.553764349864215,2025-12-22 20:16:41.788660,2025-12-22 20:16:51.405888,0 days 00:00:09.617228,0.1,14,0.18,6,6,10,0.3054082516162606,0.553764349864215,51,0.2263681592039801,5,COMPLETE
252,0.5818258339385828,0.5585239402562193,2025-12-22 20:16:51.407648,2025-12-22 20:17:00.889876,0 days 00:00:09.482228,0.25,20,0.13,19,5,14,0.5818258339385828,0.5585239402562193,29,0.32686567164179103,5,COMPLETE
253,0.5907395311528456,0.5968143827096142,2025-12-22 20:17:00.891713,2025-12-22 20:17:10.745823,0 days 00:00:09.854110,0.1,6,0.1,20,4,28,0.5907395311528456,0.5968143827096142,30,0.4791044776119403,5,COMPLETE
254,0.6620880384007609,0.3924944660671077,2025-12-22 20:17:10.748088,2025-12-22 20:17:21.520496,0 days 00:00:10.772408,0.18,39,0.08,18,10,39,0.6620880384007609,0.3924944660671077,13,0.36318407960199006,5,COMPLETE
255,0.623073888026724,0.28096395701981836,2025-12-22 20:17:21.522304,2025-12-22 20:17:31.878046,0 days 00:00:10.355742,0.14,48,0.1,20,10,28,0.623073888026724,0.28096395701981836,9,0.37512437810945276,5,COMPLETE
256,0.6111479879126576,0.28828005270280205,2025-12-22 20:17:31.880484,2025-12-22 20:17:42.219588,0 days 00:00:10.339104,0.25,42,0.0,3,8,35,0.6111479879126576,0.28828005270280205,16,0.21194029850746268,5,COMPLETE
257,0.5539179684827499,0.49043730587873247,2025-12-22 20:17:42.221456,2025-12-22 20:17:52.714111,0 days 00:00:10.492655,0.25,16,0.08,18,14,14,0.5539179684827499,0.49043730587873247,31,0.2935323383084577,5,COMPLETE
258,0.49784240166492205,0.49616078140248093,2025-12-22 20:17:52.716225,2025-12-22 20:18:03.229377,0 days 00:00:10.513152,0.06,22,0.08,19,7,34,0.49784240166492205,0.49616078140248093,24,0.39552238805970147,5,COMPLETE
259,0.5354233726860151,0.5989175807469301,2025-12-22 20:18:03.231135,2025-12-22 20:18:13.206163,0 days 00:00:09.975028,0.1,2,0.1,20,4,28,0.5354233726860151,0.5989175807469301,34,0.472636815920398,5,COMPLETE
260,0.639544468619351,0.5648551157567135,2025-12-22 20:18:13.208153,2025-12-22 20:18:23.845109,0 days 00:00:10.636956,0.01,22,0.08,18,7,39,0.639544468619351,0.5648551157567135,22,0.3965174129353234,5,COMPLETE
261,0.6679462023038819,0.48430658561681195,2025-12-22 20:18:23.847187,2025-12-22 20:18:33.750348,0 days 00:00:09.903161,0.14,22,0.1,20,5,28,0.6679462023038819,0.48430658561681195,17,0.3447761194029851,5,COMPLETE
262,0.62523497056499,0.5558610322980752,2025-12-22 20:18:33.751979,2025-12-22 20:18:44.315420,0 days 00:00:10.563441,0.1,16,0.1,20,10,28,0.62523497056499,0.5558610322980752,23,0.3895522388059702,5,COMPLETE
263,0.30252547059879004,0.6046208254149379,2025-12-22 20:18:44.317358,2025-12-22 20:18:54.996853,0 days 00:00:10.679495,0.21,13,0.08,9,14,14,0.30252547059879004,0.6046208254149379,58,0.18009950248756218,5,COMPLETE
264,0.6337349414213638,0.2935411020678331,2025-12-22 20:18:54.998293,2025-12-22 20:19:05.559829,0 days 00:00:10.561536,0.26,23,0.11,13,5,48,0.6337349414213638,0.2935411020678331,22,0.36318407960199006,5,COMPLETE
265,0.4357327762162174,0.594920147965466,2025-12-22 20:19:05.561654,2025-12-22 20:19:14.368979,0 days 00:00:08.807325,0.1,2,0.2,20,3,8,0.4357327762162174,0.594920147965466,35,0.46417910447761196,5,COMPLETE
266,0.0,0.2635793043639817,2025-12-22 20:19:14.370957,2025-12-22 20:19:24.607816,0 days 00:00:10.236859,0.04,40,0.09,19,10,14,0.0,0.2635793043639817,2,0.016417910447761194,5,COMPLETE
267,0.7289625826937396,0.11274229401861248,2025-12-22 20:19:24.609791,2025-12-22 20:19:34.809566,0 days 00:00:10.199775,0.15,47,0.14,5,8,25,0.7289625826937396,0.11274229401861248,9,0.22885572139303484,5,COMPLETE
268,0.41573835934617454,0.2603524333158017,2025-12-22 20:19:34.811665,2025-12-22 20:19:44.181492,0 days 00:00:09.369827,0.1,33,0.1,2,4,14,0.41573835934617454,0.2603524333158017,30,0.18407960199004975,5,COMPLETE
269,0.6273835166894628,0.5766839890316099,2025-12-22 20:19:44.183425,2025-12-22 20:19:55.493319,0 days 00:00:11.309894,0.2,16,0.12,19,15,28,0.6273835166894628,0.5766839890316099,23,0.4084577114427861,5,COMPLETE
270,0.5275884655240202,0.5287707949901855,2025-12-22 20:19:55.495130,2025-12-22 20:20:05.912034,0 days 00:00:10.416904,0.25,5,0.08,18,4,46,0.5275884655240202,0.5287707949901855,32,0.45870646766169154,5,COMPLETE
271,0.4629522669394137,0.6116942542356554,2025-12-22 20:20:05.913857,2025-12-22 20:20:16.706973,0 days 00:00:10.793116,0.25,16,0.0,18,10,41,0.4629522669394137,0.6116942542356554,30,0.3567164179104478,5,COMPLETE
272,0.7154678541854812,0.44400345900415916,2025-12-22 20:20:16.708902,2025-12-22 20:20:27.132335,0 days 00:00:10.423433,0.06,37,0.11,18,7,34,0.7154678541854812,0.44400345900415916,12,0.4014925373134328,5,COMPLETE
273,0.6153128343253716,0.3138640633881305,2025-12-22 20:20:27.134125,2025-12-22 20:20:37.747624,0 days 00:00:10.613499,0.15,50,0.14,5,8,46,0.6153128343253716,0.3138640633881305,9,0.30845771144278605,5,COMPLETE
274,0.6936850979708296,0.46373559750361953,2025-12-22 20:20:37.748735,2025-12-22 20:20:49.057313,0 days 00:00:11.308578,0.14,48,0.08,17,12,48,0.6936850979708296,0.46373559750361953,9,0.3965174129353234,5,COMPLETE
275,0.40265265113881554,0.5513883503115256,2025-12-22 20:20:49.058436,2025-12-22 20:21:00.463316,0 days 00:00:11.404880,0.1,12,0.1,8,11,48,0.40265265113881554,0.5513883503115256,55,0.31492537313432833,5,COMPLETE
276,0.6643934444521632,0.31043093765402185,2025-12-22 20:21:00.465105,2025-12-22 20:21:10.819768,0 days 00:00:10.354663,0.1,50,0.08,5,8,34,0.6643934444521632,0.31043093765402185,10,0.23980099502487562,5,COMPLETE
277,0.6184272363828384,0.5525232625667857,2025-12-22 20:21:10.821822,2025-12-22 20:21:21.452271,0 days 00:00:10.630449,0.26,22,0.08,19,7,41,0.6184272363828384,0.5525232625667857,20,0.4054726368159204,5,COMPLETE
278,0.6878190854936821,0.3559444952475467,2025-12-22 20:21:21.454098,2025-12-22 20:21:32.509028,0 days 00:00:11.054930,0.26,49,0.16,19,12,42,0.6878190854936821,0.3559444952475467,7,0.4711442786069652,5,COMPLETE
279,0.5405348430353066,0.39258229907908504,2025-12-22 20:21:32.511086,2025-12-22 20:21:43.797041,0 days 00:00:11.285955,0.14,25,0.26,20,12,48,0.5405348430353066,0.39258229907908504,14,0.43134328358208956,5,COMPLETE
280,0.5985592233614005,0.5734783801471534,2025-12-22 20:21:43.799092,2025-12-22 20:21:53.641227,0 days 00:00:09.842135,0.22,22,0.1,18,4,28,0.5985592233614005,0.5734783801471534,23,0.3686567164179104,5,COMPLETE
281,0.44134867084589663,0.48444920605164793,2025-12-22 20:21:53.643210,2025-12-22 20:22:02.596594,0 days 00:00:08.953384,0.25,37,0.01,10,15,4,0.44134867084589663,0.48444920605164793,20,0.3308457711442786,5,COMPLETE
282,0.589373064793465,0.38431713610615126,2025-12-22 20:22:02.598435,2025-12-22 20:22:13.117722,0 days 00:00:10.519287,0.26,22,0.0,19,7,34,0.589373064793465,0.38431713610615126,22,0.3054726368159204,5,COMPLETE
283,0.5807563258949169,0.40021093349054826,2025-12-22 20:22:13.119425,2025-12-22 20:22:24.332743,0 days 00:00:11.213318,0.21,16,0.12,19,15,25,0.5807563258949169,0.40021093349054826,24,0.3701492537313433,5,COMPLETE
284,0.38274746797426157,0.6421664615463265,2025-12-22 20:22:24.334587,2025-12-22 20:22:35.631305,0 days 00:00:11.296718,0.11,12,0.05,13,12,42,0.38274746797426157,0.6421664615463265,44,0.3781094527363184,5,COMPLETE
285,0.4069744764418765,0.5575643045509007,2025-12-22 20:22:35.632970,2025-12-22 20:22:46.423809,0 days 00:00:10.790839,0.25,9,0.19,12,15,14,0.4069744764418765,0.5575643045509007,52,0.2701492537313433,5,COMPLETE
286,0.9413982427444122,-0.3251317501690425,2025-12-22 20:22:46.425619,2025-12-22 20:22:56.946908,0 days 00:00:10.521289,0.01,30,0.14,20,7,28,0.9413982427444122,-0.3251317501690425,3,0.06119402985074627,5,COMPLETE
287,0.6119742786636349,0.4233620938056933,2025-12-22 20:22:56.949675,2025-12-22 20:23:07.088414,0 days 00:00:10.138739,0.14,30,0.1,19,8,28,0.6119742786636349,0.4233620938056933,16,0.33134328358208953,5,COMPLETE
288,0.5911059172524554,0.5363156087110077,2025-12-22 20:23:07.090460,2025-12-22 20:23:17.853305,0 days 00:00:10.762845,0.26,23,0.1,19,10,41,0.5911059172524554,0.5363156087110077,20,0.40945273631840795,5,COMPLETE
289,0.21615709804346117,0.5587548298910829,2025-12-22 20:23:17.854968,2025-12-22 20:23:30.948481,0 days 00:00:13.093513,0.1,2,0.28,2,7,30,0.21615709804346117,0.5587548298910829,238,0.1761194029850746,5,COMPLETE
290,0.8523827741968857,0.13289504000187055,2025-12-22 20:23:30.950349,2025-12-22 20:23:41.538312,0 days 00:00:10.587963,0.21,23,0.26,19,14,14,0.8523827741968857,0.13289504000187055,3,0.02736318407960199,5,COMPLETE
291,0.7224470088387408,0.42015008752837957,2025-12-22 20:23:41.540125,2025-12-22 20:23:52.265562,0 days 00:00:10.725437,0.04,50,0.18,17,8,48,0.7224470088387408,0.42015008752837957,8,0.38159203980099504,5,COMPLETE
292,0.3303016178443976,0.6337455124264559,2025-12-22 20:23:52.267278,2025-12-22 20:24:02.258295,0 days 00:00:09.991017,0.14,4,0.1,11,10,12,0.3303016178443976,0.6337455124264559,69,0.24129353233830847,5,COMPLETE
293,0.39054648309206436,0.601474713221764,2025-12-22 20:24:02.260193,2025-12-22 20:24:13.125409,0 days 00:00:10.865216,0.06,2,0.1,19,7,45,0.39054648309206436,0.601474713221764,34,0.508955223880597,5,COMPLETE
294,0.44091133452251263,0.5030594549295541,2025-12-22 20:24:13.127176,2025-12-22 20:24:23.811859,0 days 00:00:10.684683,0.26,12,0.18,12,10,30,0.44091133452251263,0.5030594549295541,39,0.3527363184079602,5,COMPLETE
295,0.6822126524343648,0.31774962611070257,2025-12-22 20:24:23.813668,2025-12-22 20:24:35.243325,0 days 00:00:11.429657,0.21,37,0.26,13,14,41,0.6822126524343648,0.31774962611070257,13,0.4059701492537313,5,COMPLETE
296,0.5139568690419164,0.5083244839856095,2025-12-22 20:24:35.245157,2025-12-22 20:24:45.722482,0 days 00:00:10.477325,0.26,22,0.05,14,10,28,0.5139568690419164,0.5083244839856095,25,0.25323383084577117,5,COMPLETE
297,0.40860027669707527,0.6268518171601862,2025-12-22 20:24:45.724179,2025-12-22 20:24:55.749902,0 days 00:00:10.025723,0.09,12,0.05,12,9,14,0.40860027669707527,0.6268518171601862,59,0.2109452736318408,5,COMPLETE
298,0.0,-0.2819845838539694,2025-12-22 20:24:55.751989,2025-12-22 20:25:06.345024,0 days 00:00:10.593035,0.23,40,0.2,15,4,48,0.0,-0.2819845838539694,2,0.038308457711442784,5,COMPLETE
299,0.5561362438069936,0.44502473835631495,2025-12-22 20:25:06.346841,2025-12-22 20:25:17.103016,0 days 00:00:10.756175,0.24,22,0.29,18,11,34,0.5561362438069936,0.44502473835631495,18,0.5199004975124378,5,COMPLETE
